{
  "manifest.json": 1602887146460,
  "Component.js": 1602865215000,
  "model/models.js": 1602865215000,
  "controller/View1.controller.js": 1602865215000,
  "i18n/i18n.properties": 1602865215000,
  "manifest-bundle.zip": 1602887146237,
  "Component-preload.js": 1602887146437,
  "model/models-dbg.js": 1602865215000,
  "controller/View1-dbg.controller.js": 1602865215000,
  "Component-dbg.js": 1602865215000,
  "resources.json": 1602887146463,
  "view/View1.view.xml": 1602884962864,
  "css/style.css": 1602865215000,
  "index.html": 1602865215000
}