{
  "i18n/i18n.properties": 1602865215000,
  "controller/View1.controller.js": 1602865215000,
  "model/models.js": 1602865215000,
  "manifest.json": 1603226886709,
  "Component.js": 1602865215000,
  "manifest-bundle.zip": 1603226886481,
  "Component-preload.js": 1603226886689,
  "model/models-dbg.js": 1602865215000,
  "controller/View1-dbg.controller.js": 1602865215000,
  "Component-dbg.js": 1602865215000,
  "resources.json": 1603226886712,
  "view/View1.view.xml": 1603222608268,
  "css/style.css": 1602865215000,
  "index.html": 1602865215000
}