{
  "manifest.json": 1602870939967,
  "Component.js": 1602865215648,
  "model/models.js": 1602865215648,
  "controller/View1.controller.js": 1602865215648,
  "i18n/i18n.properties": 1602865215648,
  "manifest-bundle.zip": 1602870939763,
  "Component-preload.js": 1602870939944,
  "controller/View1-dbg.controller.js": 1602865215648,
  "model/models-dbg.js": 1602865215648,
  "Component-dbg.js": 1602865215648,
  "resources.json": 1602870939970,
  "view/View1.view.xml": 1602870902352,
  "css/style.css": 1602865215648,
  "index.html": 1602865215648
}